{
    "train_loss_list": [
        0.6894333560466764,
        0.1975492977499962,
        0.11024115151166917,
        0.07395098115876315,
        0.05346301043685525,
        0.03920801945449786,
        0.030668894061353057,
        0.025294388900045317,
        0.021682795873144638,
        0.018706919123884287,
        0.015150056004291399,
        0.012322257304098458,
        0.010909923826577145,
        0.008705990227637812,
        0.00723767250753008,
        0.005778324474347756,
        0.0050422553746029735,
        0.003752896233345381,
        0.003274953824933619,
        0.0027053756832610817,
        0.002155960584874266,
        0.0018214960858458653,
        0.0017808873172616589,
        0.0014972059804713351,
        0.001399788219423499,
        0.001207083354820497,
        0.0010331905018829276,
        0.0010880819819867615,
        0.0008925790717476046,
        0.0007188346328912304,
        0.0006537420147215016,
        0.0006312230030307548,
        0.0005724759767326757,
        0.0005127412510919384,
        0.0004680608836642932,
        0.0004459837024332956,
        0.00040731156835681744,
        0.00034246788948075825,
        0.0003639879407855914,
        0.00032415769741055557,
        0.00030460145573306364,
        0.000287782833329402,
        0.0002496637736621779,
        0.0002582536724366945,
        0.0002483876980259084,
        0.00021696421407250445,
        0.00022057023976230987,
        0.00021008070735842926,
        0.0002086343265982577,
        0.00017703437276941255
    ],
    "valid_loss_list": [
        0.30309183621406555,
        0.15234354639053346,
        0.10769163849949834,
        0.08629861094057562,
        0.07365776395052671,
        0.06717469856515527,
        0.06373100963607432,
        0.06000910289399326,
        0.05822265462717042,
        0.0538813098394312,
        0.052827344878343854,
        0.04991997187724336,
        0.04777730467310176,
        0.04563470428064464,
        0.044305118415970374,
        0.0443323757261969,
        0.044121353525668386,
        0.04322758239135147,
        0.042909678809344785,
        0.04112782232277096,
        0.041708534643054004,
        0.04095634470973164,
        0.041400292831240214,
        0.04025574721582233,
        0.04056566143594681,
        0.039235079503618195,
        0.039002799460664386,
        0.03869817757699638,
        0.03731430343911051,
        0.03752873471286148,
        0.03682590925786644,
        0.036434159530792376,
        0.03684018590254709,
        0.03600098054669799,
        0.036525378809310505,
        0.0356747605497949,
        0.034830063097644595,
        0.03680364084336906,
        0.03574440801236778,
        0.036185264762490975,
        0.03517700530076399,
        0.034784330555703485,
        0.03509643985866571,
        0.035165828954894104,
        0.03712425401387737,
        0.03470192634128036,
        0.03589179529668763,
        0.03607540482515468,
        0.037063344700029116,
        0.0368925829755608
    ]
}