{
    "train_loss_list": [
        0.04519801549613476,
        0.04379615783691406,
        0.043556435778737065,
        0.04353669993579388,
        0.04345008842647076,
        0.04342999681830407,
        0.04340942502021789,
        0.04340667501091956,
        0.04336250834167004,
        0.0433649979531765
    ],
    "valid_loss_list": [
        0.05374826043844223,
        0.053667774796485906,
        0.05333270579576493,
        0.05325138717889786,
        0.05291490256786347,
        0.05292681008577347,
        0.05282853990793228,
        0.05270338952541351,
        0.05259035527706146,
        0.052462694048881535
    ]
}